{"cameraMode":{"drawMode":0,"name":"Shaded","section":"Shading Mode"},"sceneLighting":false,"audioPlay":false,"sceneViewState":{"m_AlwaysRefresh":false,"showFog":true,"showSkybox":false,"showFlares":true,"showImageEffects":true,"showParticleSystems":true,"showVisualEffectGraphs":true,"m_FxEnabled":true},"in2DMode":false,"pivot":{"x":-0.004029631614685059,"y":0.3224486708641052,"z":0.009179145097732544},"rotation":{"x":-0.3384791910648346,"y":0.6005532145500183,"z":-0.31062275171279909,"w":-0.6544795036315918},"size":1.4173849821090699,"orthographic":false}